conversations,id
"[{'from': 'human', 'value': ""Hi Alex, I hope you're doing well. I wanted to start this therapy conversation by letting you know that I've been feeling quite ashamed lately. I've been dealing with depression for a while now, and it's been a real struggle. However, I'm trying to stay positive and focus on setting goals for myself.""}
 {'from': 'gpt', 'value': ""Hello Charlie, thank you for opening up and sharing your feelings with me. It takes courage to speak about your shame and acknowledge your struggle with depression. I see that you're determined to find a way forward by setting goals. Can you tell me more about these goals?""}
 {'from': 'human', 'value': 'Of course, Alex. One of my main goals is to find joy in small things again. Lately, everything has felt so dull and lifeless. I miss being excited about the little pleasures in life, like walking in nature or listening to my favorite music. I want to regain that spark and zest for life.'}
 {'from': 'gpt', 'value': ""That's a wonderful goal, Charlie. Rediscovering joy in the simple things can be a powerful tool in combating depression. What are some steps you think you can take to achieve this?""}
 {'from': 'human', 'value': 'Well, I think one step could be practicing gratitude. Even when things seem bleak, I want to remind myself of the good things I still have in my life. By focusing on the positives, I hope to shift my perspective and invite more joy into my days.'}
 {'from': 'gpt', 'value': ""That's a great suggestion, Charlie. Gratitude can work wonders in changing our mindset. Are there any other goals you would like to work on during our sessions?""}
 {'from': 'human', 'value': ""Absolutely, Alex. Another goal I have is to start incorporating regular exercise into my routine. I've heard that physical activity can have a positive impact on mental health, so I want to give it a try. It doesn't have to be anything too intense, just something to get my body moving and release those feel-good endorphins.""}
 {'from': 'gpt', 'value': ""That's fantastic, Charlie! Exercise can definitely boost mood and overall well-being. It's great to hear that you're willing to give it a go. How do you plan on starting with this goal?""}
 {'from': 'human', 'value': ""To begin, I thought I could start by going for a short walk around my neighborhood every day. It's a simple way to get some fresh air and get my body moving. From there, I can gradually increase the duration and intensity of my exercise. By taking it one step at a time, I believe I can make a positive change.""}
 {'from': 'gpt', 'value': ""That sounds like a solid plan, Charlie. Taking small, manageable steps is key to building new habits. Remember to be kind to yourself throughout this journey, as progress takes time. Is there anything else you'd like to discuss or any other goals you'd like to share?""}
 {'from': 'human', 'value': ""Thank you, Alex. I appreciate your encouragement. Actually, there is one more goal I'd like to mention. I want to work on improving my self-care routine. I've realized that neglecting my needs has contributed to my depression. So, I'm committed to prioritizing self-care and making time for activities that nourish my mind, body, and soul.""}
 {'from': 'gpt', 'value': ""That's wonderful, Charlie. Taking care of yourself is essential, especially when dealing with depression. What are some specific self-care activities you think would be beneficial for you?""}
 {'from': 'human', 'value': ""Well, I think setting aside time for activities like reading, meditating, and engaging in creative hobbies would be beneficial. These things have always brought me a sense of peace and fulfillment, but I haven't been giving them enough attention lately. By making time for them, I hope to nurture my overall well-being.""}
 {'from': 'gpt', 'value': ""Those are fantastic self-care activities, Charlie. It's important to reconnect with the things that bring you joy and contentment. Remember, self-care is not selfish, but rather a vital part of your healing process. As we wrap up today's session, I want to commend you for your courage, resilience, and determination. Is there anything else you'd like to share or discuss before we end?""}
 {'from': 'human', 'value': 'Thank you so much, Alex. I truly appreciate your guidance and support. I feel hopeful and motivated to work towards my goals now. I look forward to our next session and continuing this journey of healing and growth.'}
 {'from': 'gpt', 'value': ""You're very welcome, Charlie. It's a privilege to accompany you on this journey. Remember to celebrate even the smallest steps forward, and know that I'm here to support you every step of the way. Stay positive and take care until our next session.""}]",identity_99465
"[{'from': 'human', 'value': ""I'm feeling really regretful and panic about my personal relationships lately. It seems like everything is falling apart.""}
 {'from': 'gpt', 'value': ""Thank you for opening up and sharing your feelings with me, Charlie. It takes a lot of courage to acknowledge those emotions. Can you tell me more about what's been happening?""}
 {'from': 'human', 'value': ""Well, I've been struggling to communicate effectively with my partner. Every conversation we have ends up in arguments and misunderstandings.""}
 {'from': 'gpt', 'value': ""It sounds like there might be some communication breakdown happening. Have you both taken the time to understand each other's perspectives and needs?""}
 {'from': 'human', 'value': ""I don't think we have. We've been so caught up in our own frustrations and disappointments that we haven't really been listening to each other.""}
 {'from': 'gpt', 'value': 'Understanding and actively listening to each other is crucial in maintaining a healthy relationship. Have you considered setting aside some dedicated time for open and honest conversation?'}
 {'from': 'human', 'value': ""I haven't thought about that. Maybe scheduling regular check-ins where we can express our concerns without judgment could help.""}
 {'from': 'gpt', 'value': ""That's a great idea, Charlie. Building a safe space for open dialogue can strengthen your connection. What other areas of your personal relationships are causing distress?""}
 {'from': 'human', 'value': ""I've also been feeling distant from my friends. It's like we're growing apart and struggling to find common ground.""}
 {'from': 'gpt', 'value': ""Friendships evolve and change over time, but it can be challenging when there's a sense of disconnection. Have you tried having open conversations with your friends about how you're feeling?""}
 {'from': 'human', 'value': ""Not yet. I guess I've been hesitant to address it because I don't want to create any tension or conflict.""}
 {'from': 'gpt', 'value': ""It's understandable to feel apprehensive about discussing difficult emotions, but opening up can often lead to a deeper understanding and stronger friendships. Is there a trusted friend you feel comfortable initiating this conversation with?""}
 {'from': 'human', 'value': ""I think I have one friend who would be receptive to having that conversation. I'll reach out and see if we can find a time to talk.""}
 {'from': 'gpt', 'value': ""That's a positive step, Charlie. Remember, it's important to express yourself honestly and listen to their perspective as well. Are there any other concerns you'd like to discuss regarding your personal relationships?""}
 {'from': 'human', 'value': ""I've also been struggling with boundaries. It feels like I'm constantly sacrificing my own needs to please others.""}
 {'from': 'gpt', 'value': 'Understanding and setting boundaries is crucial for your well-being in any relationship, Charlie. Have you thought about what your needs are and how you can communicate them assertively?'}
 {'from': 'human', 'value': ""I haven't taken the time to reflect on my own needs. I suppose I've been used to prioritizing others over myself.""}
 {'from': 'gpt', 'value': ""It's essential to prioritize self-care and ensure your needs are met so that you can be emotionally available to others. Have you considered communicating your boundaries to your loved ones?""}
 {'from': 'human', 'value': ""I haven't thought about it in that way. I guess I worry about disappointing them or causing conflict by asserting my boundaries.""}
 {'from': 'gpt', 'value': ""It's common to have concerns about how others might react, but communicating your boundaries helps foster healthier relationships and ensures your emotional well-being. How can we work together to build your confidence in asserting your needs?""}
 {'from': 'human', 'value': 'Maybe we can explore some strategies for assertive communication and practice setting boundaries during our sessions?'}
 {'from': 'gpt', 'value': ""Absolutely, Charlie. I'm here to support you in developing those skills. Remember, taking care of yourself is essential for maintaining healthy personal relationships. Is there anything else you'd like to discuss regarding personal relationships?""}
 {'from': 'human', 'value': 'I think that covers everything for now, Alex. Thank you for your guidance and support.'}
 {'from': 'gpt', 'value': ""You're welcome, Charlie. It's a privilege to be part of your journey towards healthier personal relationships. Remember, self-reflection, open communication, and setting boundaries are key. I'm here for you whenever you need to discuss further. Take care.""}]",identity_99466
"[{'from': 'human', 'value': ""I'm feeling regretful about the state of my personal relationships. I've been so caught up in my own life that I've unintentionally neglected the people who matter most to me.""}
 {'from': 'gpt', 'value': ""Hi Charlie, thank you for sharing your feelings. It takes courage to acknowledge our mistakes and express regret. Can you tell me more about the relationships you feel you've neglected?""}
 {'from': 'human', 'value': ""My family, for starters. I've been so focused on work and my own ambitions that I rarely make time for them anymore. I feel like I've let them down.""}
 {'from': 'gpt', 'value': ""It's understandable to feel that way, Charlie. Family is an important part of our lives, and sometimes we can unintentionally prioritize other aspects. What makes you regret neglecting your family specifically?""}
 {'from': 'human', 'value': ""Well, I used to be there for them, emotionally and physically. But recently, I've been distant and unavailable. I can sense the disappointment in their voices whenever we do talk.""}
 {'from': 'gpt', 'value': ""It sounds like you value being emotionally present for your family, Charlie. Are there any specific instances or events that made you realize you've been neglecting them?""}
 {'from': 'human', 'value': ""There have been times when they've shared important milestones or challenges with me, and I've brushed them off or simply didn't make an effort to engage. It's only now that I realize how hurtful that can be.""}
 {'from': 'gpt', 'value': ""It's brave of you to recognize your shortcomings, Charlie. Understanding the impact of our actions is an important step towards rebuilding personal relationships. Have you thought about how you can mend these neglected connections?""}
 {'from': 'human', 'value': ""Yes, Alex. I've been reflecting on my behavior and I'm committed to making a change. I want to reach out more often, check in on how they're doing, and actively participate in their lives.""}
 {'from': 'gpt', 'value': 'That sounds like a wonderful plan, Charlie. Taking the initiative to nurture relationships can be a meaningful way to show you care. How do you think your family will react to your efforts?'}
 {'from': 'human', 'value': ""I'm not sure, to be honest. They might be skeptical at first, given my recent neglect. But I hope with consistent effort, they'll see that I genuinely want to make amends.""}
 {'from': 'gpt', 'value': ""It's important to be patient, Charlie. Rebuilding trust takes time, and actions can speak louder than words. How do you plan to prioritize your family moving forward?""}
 {'from': 'human', 'value': ""I plan to create a schedule that allows dedicated time for my family, whether it's regular phone calls, visits, or even family outings. I want to show them that they are a priority in my life.""}
 {'from': 'gpt', 'value': ""That's a great approach, Charlie. By setting aside specific time for your loved ones, you're sending a clear message that they matter to you. How do you anticipate this change will impact your own well-being?""}
 {'from': 'human', 'value': 'I believe it will enrich my life in many ways. Strengthening my personal relationships will provide emotional support and a sense of belonging. It will also help me maintain a healthier work-life balance.'}
 {'from': 'gpt', 'value': ""It's wonderful to hear how this change can positively impact multiple areas of your life, Charlie. Remember to be gentle with yourself throughout this process. Mistakes happen, but what matters is the effort and commitment to growth. Is there anything else you want to explore or discuss about your personal relationships?""}
 {'from': 'human', 'value': ""Not at the moment, Alex. I think I've covered the main aspects, and I'm eager to put my plans into action. Thank you for your guidance and support.""}
 {'from': 'gpt', 'value': ""You're very welcome, Charlie. I'm glad I could be here for you. Remember, I'm here whenever you need someone to talk to. Take care, and I wish you all the best in reconnecting with your loved ones.""}]",identity_99467
"[{'from': 'human', 'value': ""Hi Alex, I'm feeling so frustrated with my personal relationships lately. It's like I'm in a constant state of isolation, and it's really getting to me. I just want some advice on how to improve my situation.""}
 {'from': 'gpt', 'value': ""Hi Charlie! I can sense your excitement to find solutions and improve your personal relationships. I'm here to support you. Can you tell me more about the specific challenges you're facing right now?""}
 {'from': 'human', 'value': ""Well, lately I've been feeling like I don't have many close friends. I try to reach out and connect, but it seems like everyone is too busy or uninterested. It's making me feel so alone.""}
 {'from': 'gpt', 'value': ""I understand how important connections are to you and how frustrating it can be when it feels like you're not receiving the response you hope for. Let's explore some potential solutions together. Have you considered joining any social groups or clubs that align with your interests? Sometimes, finding like-minded individuals can create new friendships and alleviate feelings of isolation.""}
 {'from': 'human', 'value': ""That's a great idea, Alex! I hadn't thought about joining social groups before. I'll have to look into ones that match my interests and see if I can meet new people that way.""}
 {'from': 'gpt', 'value': ""That's wonderful, Charlie! Taking that step can be both exciting and nerve-wracking. Remember, it's perfectly normal to feel a bit anxious when venturing into new social situations. Building relationships takes time and effort, but it can be incredibly rewarding. Is there anything else on your mind that you'd like to explore?""}
 {'from': 'human', 'value': ""Well, I also feel frustrated in my romantic relationships. It seems like I keep attracting the wrong partners who aren't on the same page as me. I want a loving and committed relationship, but it's been challenging to find someone who wants the same.""}
 {'from': 'gpt', 'value': ""It's understandable that you want a loving and committed relationship, Charlie. Let's delve deeper into this. First, let's focus on self-reflection. What are some common patterns you've noticed in your previous relationships? Understanding your own preferences, values, and expectations can help you attract individuals who align with what you're seeking.""}
 {'from': 'human', 'value': ""That's a great point, Alex. I do see a pattern of getting involved with people who aren't really looking for something serious. Maybe I need to be clearer about my intentions from the beginning.""}
 {'from': 'gpt', 'value': ""Absolutely, Charlie! Open and honest communication about your desires and intentions can help filter potential partners who may not be seeking the same level of commitment. Additionally, setting healthy boundaries and recognizing red flags early on can protect you from getting into relationships that aren't aligned with your goals. How does this resonate with you?""}
 {'from': 'human', 'value': 'It makes a lot of sense, Alex. I need to be more proactive in expressing my needs and establishing boundaries right from the start. I think that will definitely help me attract the right kind of partner.'}
 {'from': 'gpt', 'value': ""I'm thrilled to see your enthusiasm, Charlie! Remember, the journey towards fulfilling relationships is a continuous process of growth and self-discovery. It's essential to be patient with yourself and others as you navigate the complexities of connecting with different individuals. Is there anything else you'd like to discuss or explore further?""}
 {'from': 'human', 'value': 'For now, I think that covers my main frustrations, Alex. I feel more hopeful and excited about taking steps to improve my personal relationships. Thank you so much for your guidance and support.'}
 {'from': 'gpt', 'value': ""You're very welcome, Charlie! It's my pleasure to assist you on this journey. Remember, you have the power to create the fulfilling relationships you desire. I'm here whenever you need to discuss anything further. Keep up the excitement and optimism!""}]",identity_99468
"[{'from': 'human', 'value': ""I've been feeling really depressed lately, and I'm afraid it's starting to affect my relationship with my girlfriend.""}
 {'from': 'gpt', 'value': ""Hi Charlie, I'm Alex. I'm here to support you through this difficult time. It sounds like you're going through a tough period, and it's brave of you to acknowledge that it's affecting your relationship. Can you tell me more about what's been going on?""}
 {'from': 'human', 'value': ""Thanks, Alex. Well, I've been struggling with addiction for a while now, and it's been taking its toll on my mental health. I feel like it's consuming me and making it hard for me to be present in my relationship.""}
 {'from': 'gpt', 'value': ""Charlie, it takes a lot of strength to open up about addiction and its impact on your life. I'm here to offer a compassionate space to explore this further. How has your addiction been specifically affecting your relationship with your girlfriend?""}
 {'from': 'human', 'value': ""It's been causing conflicts, Alex. I find myself prioritizing my addiction over spending quality time with her. I've missed important dates, and there are times I'm emotionally distant because I'm so focused on feeding my addiction. I can tell she feels neglected and hurt.""}
 {'from': 'gpt', 'value': ""It's understandable that addiction can consume your thoughts and actions, Charlie. However, recognizing the impact it has on your relationship shows your willingness to change. How does your girlfriend respond when she expresses her feelings about this?""}
 {'from': 'human', 'value': ""She's been incredibly patient and understanding, Alex. She wants to support me, but I can tell it's taking a toll on her too. She's expressed concern about my well-being and our future together. I don't want to lose her, but I don't know if I can overcome my addiction.""}
 {'from': 'gpt', 'value': ""The fact that your girlfriend cares deeply about you and wants to work through this together is a testament to your bond, Charlie. Overcoming addiction is a challenging journey, but it's not impossible. Let's explore the roots of your addiction. Have you ever thought about what triggers your addictive behavior?""}
 {'from': 'human', 'value': ""I think it stems from unresolved trauma, Alex. I experienced a significant loss in my family a few years ago, and I turned to substances as a way to numb the pain. It's become a coping mechanism that I rely on, but it's only making things worse.""}
 {'from': 'gpt', 'value': ""Trauma can often be a factor in addiction, Charlie. It's courageous of you to recognize the connection between your loss and your addictive behavior. How has your addiction impacted other areas of your life, aside from your relationship?""}
 {'from': 'human', 'value': ""It has affected my work, friendships, and overall sense of purpose, Alex. I feel like I've lost my way and that my addiction has taken control over my life. I used to be so ambitious and motivated, but now, it feels like I'm just surviving each day.""}
 {'from': 'gpt', 'value': ""It's completely understandable that addiction has caused significant setbacks in various aspects of your life, Charlie. However, remember that this setback does not define your future. You have the power to reclaim your life and rediscover your sense of purpose. What are some of the changes you'd like to see happen in your life?""}
 {'from': 'human', 'value': 'I want to break free from the grip of addiction, Alex. I want to regain control, rebuild my relationships, and pursue the goals that once ignited a fire within me. I want to become the best version of myself, not just for me but for the people I care about.'}
 {'from': 'gpt', 'value': 'Charlie, your determination to overcome addiction and rebuild your life is truly admirable. Remember, you are not alone in this journey. Alongside professional support, your girlfriend and friends can provide invaluable encouragement along the way. Are you open to exploring therapy and support groups as part of your recovery process?'}
 {'from': 'human', 'value': 'Absolutely, Alex. I believe that seeking professional help and connecting with others who have experienced similar struggles will be crucial in my recovery. I want to surround myself with a support system that understands and uplifts me.'}
 {'from': 'gpt', 'value': ""That's a wonderful mindset, Charlie. Remember, recovery is a continuous process filled with ups and downs, but with dedication and support, you can overcome addiction and rebuild your life. I'm here for you every step of the way, cheering you on as you find the strength within yourself to create a brighter future.""}]",identity_99469
